{
    "IMGP0146": {
        "s": [
            -2.265709894913694,
            -1.1829695379486331,
            -0.10022918098357225,
            0.9825111759814882,
            2.0652515329465486
        ],
        "rho": [
            0.08196544006823547,
            -0.3719217489809248,
            -0.9459310117269402,
            -2.3222870959536595,
            -4.910177431238625
        ],
        "unit": "log m2"
    },
    "IMGP3286": {
        "s": [
            -3.4089743424559598,
            -2.794864316787133,
            -2.1807542911183067,
            -1.5666442654494803,
            -0.952534239780654,
            -0.3384242141118272,
            0.27568581155699956,
            0.8897958372258259,
            1.5039058628946522
        ],
        "rho": [
            1.074404106072647,
            1.2384453307874637,
            0.5663433581409514,
            0.5517005132218067,
            0.24762839539789372,
            -0.36520990320729396,
            -1.22554430500203,
            -2.2582243408701075,
            -3.4193467915359896
        ],
        "unit": "log m2"
    },
    "IMGP3353-3355": {
        "s": [
            -4.055319437231478,
            -3.430732867363071,
            -2.8061462974946645,
            -2.1815597276262575,
            -1.556973157757851,
            -0.9323865878894444,
            -0.3078000180210383,
            0.31678655184736826,
            0.9413731217157748
        ],
        "rho": [
            2.0373746901331096,
            2.956856164614978,
            2.7062318871811772,
            2.833675198001023,
            2.2566989136617455,
            1.3827891712032336,
            0.14597971516497132,
            -1.2778264476092644,
            -3.3572578774861803
        ],
        "unit": "log m2"
    },
    "IMGP3859": {
        "s": [
            -3.2482945621727617,
            -2.599556706030307,
            -1.9508188498878518,
            -1.3020809937453968,
            -0.6533431376029419,
            -0.004605281460486665,
            0.6441325746819673,
            1.2928704308244225,
            1.9416082869668778
        ],
        "rho": [
            -0.246546255572488,
            -0.29322412038697987,
            -1.066900713137735,
            -1.078816471693016,
            -1.310018763100051,
            -1.5457528641345943,
            -2.147747316734722,
            -2.9364528998505977,
            -4.157695503759299
        ],
        "unit": "log m2"
    },
    "IMGP3898": {
        "s": [
            -2.317321151531437,
            -1.3979903979084831,
            -0.4786596442855293,
            0.4406711093374249,
            1.3600018629603778
        ],
        "rho": [
            1.067591909997259,
            0.8047329310894069,
            0.14605301114376257,
            -1.11784376870989,
            -3.602431865753055
        ],
        "unit": "log m2"
    }
}